,ALTO,APEX,APEX-SBE,APEX_D,ARGOS,ARVOR,ARVOR_D,GPS,GTS,HM2000,IRIDIUM,NAVIS,NAVIS_A,NAVIS_EBR,NEMO,NEMO Profiling Float,NINJA,NINJA_D,NOVA,NOVA-SBE,Nova-SBE,PALACE,POPS_PROVOR,PROVOR,PROVOR-SBE,PROVOR_II,PROVOR_III,PROVOR_IV,PROVOR_MT,Primary sampling: averaged [],S2A,S2X,SOLO,SOLO-W,SOLO_D,SOLO_II,SOLO_W,aoml,bodc,coriolis,csio,csiro,date,incois,jma,kma,kordi,meds,n/a,nProf,nmdis
0,,1056,146.0,,2194,,,25.0,,,,,,,,,,,,,,22.0,,157,42.0,,,,131.0,,,,360,,,,202,1015,97,291,19,56,2004-01-31,81,380,31,39,210,3.0,2219,
1,,996,135.0,,2097,,,38.0,,,,,,,,,,,,,,17.0,,168,37.0,,,,119.0,,,,361,,,,200,990,86,278,20,52,2004-02-29,75,380,24,39,191,3.0,2135,
2,,1049,138.0,,2353,,,36.0,,,,,,,,,1.0,,,,,19.0,,213,41.0,,,,122.0,,,,464,,,,221,1153,91,328,20,56,2004-03-31,80,398,27,39,197,3.0,2389,
3,,1036,127.0,,2309,,,36.0,,,,,,,,,3.0,,,,,19.0,,213,39.0,,,,98.0,,,,464,,,,226,1203,88,307,20,54,2004-04-30,67,358,25,38,185,2.0,2345,
4,,1149,141.0,,2526,,,36.0,,,,,,,,,4.0,,,,,20.0,,210,38.0,,,,90.0,,,,523,,,,235,1359,100,314,17,55,2004-05-31,105,346,26,41,199,3.0,2562,
5,,1124,140.0,,2481,,,32.0,,,,,,,,,3.0,,,,,19.0,,220,59.0,,,,80.0,,,,492,,,,228,1330,93,309,18,53,2004-06-30,104,321,25,40,220,3.0,2513,
6,,1208,138.0,,2568,,,18.0,,,,,,,,,3.0,,,,,19.0,,245,59.0,,,,80.0,,,,495,,,,200,1335,84,365,15,56,2004-07-31,91,363,19,38,220,3.0,2586,
7,,1232,139.0,,2687,,,8.0,,,,,,,,,3.0,,,,,19.0,,298,58.0,,,,70.0,,,,543,,,,186,1388,86,434,15,56,2004-08-31,85,354,16,39,222,3.0,2695,
8,,1303,129.0,,2803,,,7.0,,,,,,,,,3.0,,,,,17.0,,327,55.0,,,,61.0,,,,572,,,,171,1485,83,484,14,54,2004-09-30,72,341,15,54,208,3.0,2810,
9,,1418,134.0,,2987,,,8.0,,,,,,,,,3.0,,,,,16.0,,334,54.0,,,,68.0,,,,608,,,,174,1602,82,516,15,55,2004-10-31,68,367,15,64,211,3.0,2995,
10,,1364,135.0,,2972,,,6.0,,,,,,,,,3.0,,,,,16.0,,365,57.0,,,,75.0,,,,619,,,,166,1569,84,527,22,54,2004-11-30,69,345,21,74,213,3.0,2978,
11,,1529,123.0,,3220,,,5.0,,,,,,,,,3.0,,,,,18.0,,399,61.0,,,,70.0,,,,646,,,,191,1679,108,569,20,55,2004-12-31,87,398,27,80,202,3.0,3225,
12,,1648,130.0,,3375,,,8.0,,,,,,,,,3.0,,,,,17.0,,424,61.0,,,,60.0,,,,649,,,,205,1715,111,615,19,70,2005-01-31,91,441,28,83,210,3.0,3383,
13,,1590,104.0,,3160,,,7.0,,,,,,,,,6.0,,,,,15.0,,387,52.0,,,,61.0,,,,570,,,,184,1583,97,583,14,85,2005-02-28,84,450,24,74,173,2.0,3167,
14,,1845,114.0,,3586,,,7.0,,,,,,,8.0,,6.0,,,,,15.0,,417,58.0,,,,62.0,,,,624,,,,206,1761,105,696,15,117,2005-03-31,88,508,28,80,195,3.0,3593,
15,,1850,103.0,,3586,,,7.0,,,,,,,12.0,,6.0,,,,,16.0,,406,56.0,,,,50.0,,,,640,,,,222,1790,98,677,14,132,2005-04-30,101,494,27,80,180,3.0,3593,
16,,1999,91.0,,3917,,,,,,,,,,12.0,,6.0,,,,,15.0,,457,50.0,,,,46.0,,,,759,,,,221,2055,103,709,13,140,2005-05-31,122,514,16,85,160,,3917,
17,,2115,89.0,,4061,,,,,,,,,,11.0,,6.0,,,,,12.0,,465,52.0,,,,43.0,,,,806,,,,203,2206,94,704,12,139,2005-06-30,149,498,21,77,161,,4061,
18,,2235,93.0,,4252,,,,,,,,,,12.0,,6.0,,,,,11.0,,509,50.0,,,,50.0,,,,835,,,,199,2297,98,772,12,141,2005-07-31,147,521,21,82,161,,4252,
19,,2279,98.0,,4239,,,15.0,,,,,,,11.0,,6.0,,,,,11.0,,480,48.0,,,,45.0,,,,826,,,,202,2304,95,744,12,143,2005-08-31,143,552,20,79,162,,4254,
20,,2258,92.0,,4158,,,22.0,,,,,,,11.0,,6.0,,,,,8.0,,477,43.0,,,,52.0,,,,803,,,,201,2206,105,739,12,139,2005-09-30,207,531,16,75,150,,4180,
21,,2539,98.0,,4588,,,16.0,,,,,,,11.0,,6.0,,,,,8.0,,485,42.0,,,,46.0,,,,890,,,,217,2376,124,813,12,167,2005-10-31,270,592,17,75,158,,4604,
22,,2613,89.0,,4701,,,16.0,,,,,,,10.0,,6.0,,,,,12.0,,525,39.0,,,,50.0,,,,917,,,,211,2464,128,815,8,171,2005-11-30,247,619,34,77,154,,4717,
23,,2811,92.0,,5042,,,17.0,,,,,,,8.0,,7.0,,,,,12.0,,557,37.0,,,,42.0,,,,990,,,,233,2670,126,882,8,197,2005-12-31,242,644,47,89,154,,5059,
24,,2956,91.0,,5195,,,24.0,,,,,,,3.0,,7.0,,,,,9.0,,551,36.0,,,,46.0,,,,1012,,,,240,2746,127,929,9,222,2006-01-31,244,648,53,90,151,,5219,
25,,2886,79.0,,4973,,,48.0,,,,,,,3.0,,4.0,,,,,10.0,,507,31.0,,,,38.0,,,,973,,,,238,2708,134,799,9,216,2006-02-28,242,680,27,76,130,,5021,
26,,3137,97.0,,5534,,,58.0,,,,,,,4.0,,8.0,,,,,10.0,,570,33.0,,,,39.0,,,,1079,,,,284,3038,141,881,9,231,2006-03-31,241,775,38,85,153,,5592,
27,,2988,109.0,,5397,,,63.0,,,,,,,8.0,,9.0,,,,,10.0,5.0,558,31.0,,,,43.0,,,,1043,,,,268,2947,141,849,9,229,2006-04-30,242,766,30,89,158,,5460,
28,,3084,116.0,,5570,,,59.0,,,,,,,13.0,,10.0,,,,,8.0,10.0,570,30.0,,,,41.0,,,,1048,,,,290,3038,146,871,11,235,2006-05-31,236,783,38,106,165,,5629,
29,,3203,113.0,,5479,,,72.0,,,,,,,17.0,,8.0,,,,,8.0,9.0,610,21.0,,,,44.0,,,,1009,,,,275,2963,140,907,18,231,2006-06-30,234,768,31,100,159,,5551,
30,,3330,114.0,,5655,,,79.0,,,,,,,20.0,,7.0,,,,,8.0,11.0,612,22.0,,,,39.0,,,,1034,,,,302,3024,141,948,26,235,2006-07-31,230,823,33,109,165,,5734,
31,,3366,129.0,,5699,,,91.0,,,,,,,19.0,,6.0,,,,,8.0,12.0,595,22.0,,,,38.0,,,,1028,,,,332,3056,135,941,23,237,2006-08-31,250,826,38,96,188,,5790,
32,,3428,126.0,,5731,,,129.0,,,,,,,20.0,,6.0,,,,,8.0,9.0,576,22.0,,,,30.0,,,,1075,,,,344,3162,137,909,22,238,2006-09-30,254,809,40,104,185,,5860,
33,,3821,134.0,,6239,,,198.0,,,,,,,18.0,,6.0,,,,,8.0,11.0,606,22.0,,,,35.0,,,,1163,,,,389,3455,154,938,21,250,2006-10-31,305,933,50,131,200,,6437,
34,,3993,132.0,,6368,,,231.0,,,,,,,15.0,,6.0,,,,,7.0,9.0,596,21.0,,,,33.0,,,,1168,,,,394,3497,147,938,21,271,2006-11-30,252,1100,45,128,200,,6599,
35,,4126,133.0,,6676,10.0,,209.0,,,,,,,11.0,,6.0,,,,,8.0,9.0,597,22.0,,,,45.0,,,,1195,,,,474,3649,151,994,21,302,2006-12-31,253,1127,43,138,207,,6885,
36,,4175,125.0,,6788,15.0,,204.0,,,,,,,10.0,,6.0,,,,,7.0,2.0,599,21.0,,,,37.0,,,,1222,,,,511,3737,152,1020,21,303,2007-01-31,257,1102,67,137,196,,6992,
37,,3857,117.0,,6162,14.0,,199.0,,,,,,,5.0,,6.0,,,,,5.0,,514,20.0,,,,33.0,,,,1097,,,,455,3426,152,895,21,270,2007-02-28,242,998,51,121,185,,6361,
38,,4294,133.0,,6872,15.0,,211.0,,,,,,,6.0,,9.0,,,,,5.0,,563,22.0,,,,44.0,,,,1218,,,,495,3802,181,1006,21,327,2007-03-31,247,1127,42,125,205,,7083,
39,,4065,127.0,,6577,15.0,,154.0,,,,,,,11.0,,9.0,,,,,6.0,,538,21.0,,,,34.0,,,,1154,,,,502,3716,169,922,20,326,2007-04-30,261,958,36,128,195,,6731,
40,,4205,135.0,,6843,15.0,,168.0,,,,,,,6.0,,9.0,,,,,5.0,,544,21.0,,,,40.0,,,,1227,,,,544,3912,175,924,20,368,2007-05-31,259,981,38,129,205,,7011,
41,,4051,141.0,,6564,15.0,,160.0,,,1.0,,,,6.0,,9.0,,,,,4.0,,503,21.0,,,,28.0,,,,1163,,,,538,3768,165,854,18,358,2007-06-30,246,948,41,114,213,,6725,
42,,4266,143.0,,6978,16.0,,168.0,,,,,,,6.0,,9.0,,,,,4.0,,508,23.0,,,,37.0,,,,1296,,,,575,4087,166,881,18,362,2007-07-31,263,987,36,124,222,,7146,
43,,4281,141.0,,6980,15.0,,165.0,,,,,,,6.0,,8.0,,,,,4.0,,473,21.0,,,,32.0,,,,1309,,,,580,4110,179,857,18,365,2007-08-31,252,981,43,123,217,,7145,
44,,4300,122.0,,6830,15.0,,192.0,,,1.0,,,,6.0,,6.0,,,,,2.0,,433,21.0,,,,36.0,,,,1277,,,,548,4090,187,816,18,349,2007-09-30,243,961,32,134,193,,7023,
45,,4603,147.0,,7169,16.0,,330.0,,,1.0,,,,7.0,,6.0,,,,,,,425,23.0,,,,28.0,,,,1333,1.0,,,626,4457,192,831,18,362,2007-10-31,262,994,28,130,226,,7500,
46,,4532,155.0,,7075,15.0,,327.0,,,1.0,,,,6.0,,6.0,,,,,,,397,21.0,,,,23.0,,,,1330,,,,637,4436,186,789,18,370,2007-11-30,246,975,30,125,228,,7403,
47,,4720,159.0,,7293,10.0,,374.0,,,5.0,,,,7.0,,7.0,,,,,,,379,20.0,,,,26.0,,,,1386,,,,658,4630,197,800,18,388,2007-12-31,266,977,43,122,231,,7672,
48,,4800,148.0,,7379,,,366.0,,,6.0,,,,6.0,,6.0,,,,,,,396,11.0,,,,22.0,,,,1379,,,,674,4701,199,846,18,386,2008-01-31,255,954,45,122,225,,7751,
49,,4685,122.0,,7072,,,416.0,,,8.0,,,,6.0,,6.0,,,,,,,377,9.0,7.0,,,25.0,,,,1322,,,,627,4596,212,809,17,382,2008-02-29,257,894,28,109,192,,7496,
50,,5046,139.0,,7571,,,497.0,,,3.0,,,,4.0,,6.0,,,,,,,417,9.0,13.0,,,16.0,,,,1407,,,,675,4924,230,889,18,403,2008-03-31,248,989,39,109,222,,8071,
51,,4922,133.0,,7398,,,523.0,,,1.0,,,,6.0,,7.0,,,,,,,406,7.0,13.0,,,18.0,,,,1385,,,,676,4875,224,863,16,413,2008-04-30,244,945,35,101,206,,7922,
52,,5037,136.0,,7628,,,535.0,,,3.0,,,,6.0,,25.0,,,,,,,407,6.0,25.0,,,12.0,,,,1429,,,,724,5099,229,829,14,426,2008-05-31,253,965,37,100,214,,8166,
53,,5134,129.0,,7427,,,697.0,,,6.0,,,,4.0,,22.0,,,,,,,423,5.0,21.0,,,17.0,,,,1338,,,,691,4992,223,796,28,420,2008-06-30,231,1085,41,106,208,,8130,
54,,5142,134.0,,7624,,,555.0,,,2.0,,,,3.0,,22.0,,,,,,,412,3.0,19.0,,,12.0,,,,1374,,,,714,5009,231,784,31,438,2008-07-31,227,1108,37,106,210,,8181,
55,,5171,123.0,,7593,,,527.0,,,4.0,,,,3.0,,21.0,,,,,,,380,3.0,30.0,,,18.0,,,,1327,,,,702,4953,226,785,29,454,2008-08-31,245,1083,36,112,201,,8124,
56,,4958,147.0,,7349,,,532.0,,,4.0,,,,3.0,,17.0,,,,,,1.0,341,3.0,24.0,,,12.0,,,,1348,,,,686,4876,220,726,29,433,2008-09-30,223,1031,25,114,208,,7885,
57,,5203,171.0,,7734,,,588.0,,,5.0,,,,3.0,,17.0,,,,,,51.0,347,3.0,25.0,,,15.0,,,,1440,,,,716,5189,226,735,39,451,2008-10-31,207,1112,27,115,226,,8327,
58,,5574,143.0,,7671,,,946.0,,,3.0,,,,1.0,,18.0,,,,,,56.0,328,3.0,24.0,,,16.0,,,,1405,,,,721,5174,229,749,43,805,2008-11-30,190,1083,34,123,190,,8620,
59,,6231,169.0,,8019,,,1416.0,,,4.0,,,,1.0,,18.0,,,,,,45.0,327,3.0,39.0,,,14.0,,,,1466,,,,787,5432,233,832,40,1264,2008-12-31,192,1074,34,119,219,,9439,
60,,5853,171.0,,8006,,,981.0,,,2.0,,,,2.0,,19.0,,,,,,46.0,316,1.0,31.0,,,17.0,,,,1421,,,,758,5390,239,806,43,870,2009-01-31,176,1076,51,119,219,,8989,
61,,5138,153.0,,7325,2.0,,657.0,,,3.0,,,,,,15.0,,,,,,27.0,280,,26.0,,,12.0,,,,1293,,,,703,4907,208,774,39,573,2009-02-28,154,994,43,97,196,,7985,
62,,5656,168.0,,8080,,,716.0,,,2.0,,,,,,17.0,,,,,,14.0,296,,27.0,,,15.0,,,,1473,,,,770,5500,232,816,40,649,2009-03-31,164,1027,45,111,214,,8798,
63,,5530,166.0,,7843,,,702.0,,,3.0,,,,,,16.0,,,,,,26.0,273,,22.0,,,9.0,,,,1413,,,,753,5392,258,766,49,611,2009-04-30,150,980,30,102,210,,8548,
64,,5794,168.0,,8138,1.0,,710.0,,,4.0,,,,3.0,,18.0,,,,,,30.0,274,,25.0,,,14.0,,,,1426,,,,772,5558,274,765,62,638,2009-05-31,147,1044,41,103,220,,8852,
65,,5673,175.0,,7797,,,804.0,,,2.0,,,,2.0,,18.0,,,,,,30.0,265,,16.0,,,9.0,,,,1343,,,,782,5496,257,727,58,581,2009-06-30,138,977,38,103,228,,8603,
66,,5950,185.0,,7977,,,999.0,,,1.0,,,,,,17.0,,,,,,31.0,263,,21.0,,,11.0,,,,1369,,,,813,5818,263,734,64,608,2009-07-31,145,961,37,105,242,,8977,
67,,5437,178.0,,7757,,,659.0,,,3.0,,,,,,12.0,,,,,,29.0,268,,17.0,,,14.0,,,,1338,,,,802,5393,266,721,66,589,2009-08-31,166,844,34,104,236,,8419,
68,,5221,185.0,,7405,,,649.0,,,4.0,,,,,,12.0,,,,,,30.0,244,,19.0,,,11.0,,,,1272,,,,763,5157,254,677,61,560,2009-09-30,159,833,26,96,235,,8058,
69,,5365,205.0,,7608,,,634.0,,,2.0,,,,,,12.0,,,,,,10.0,244,,18.0,,,13.0,,,,1286,,,,761,5285,262,683,67,574,2009-10-31,164,819,31,95,264,,8244,
70,,5417,198.0,,7335,,,795.0,,,3.0,,,,,,12.0,,,,,,,237,,15.0,,,10.0,,,,1212,,,,719,5255,245,666,64,570,2009-11-30,164,776,37,102,254,,8133,
71,,5478,203.0,,7655,,,708.0,,,4.0,,,,2.0,,12.0,,,,,,,292,,16.0,,,13.0,,,,1263,,,,761,5290,253,734,67,641,2009-12-31,166,793,57,103,263,,8367,
72,,5468,188.0,,7695,,,676.0,,,4.0,,,,,,13.0,,,,,,,281,,15.0,,,8.0,,,,1315,,,,753,5294,252,714,65,638,2010-01-31,189,829,51,96,247,,8375,
73,,5000,173.0,,6998,1.0,,691.0,,,6.0,,,,,,8.0,,,,,,,240,,14.0,,,14.0,,,,1215,,,22.0,700,4818,231,630,62,628,2010-02-28,163,768,65,97,233,,7695,
74,,5493,200.0,,7672,10.0,,822.0,,,10.0,,,,,,1.0,,,,,,,274,,12.0,,,7.0,,,,1337,1.0,,33.0,780,5315,249,717,59,711,2010-03-31,193,822,64,99,275,,8504,
75,,5301,189.0,,7313,6.0,,848.0,,,8.0,,,,,,,,,,,,14.0,274,,5.0,,,8.0,,,,1252,3.0,,32.0,754,5095,248,674,59,719,2010-04-30,170,783,60,91,264,,8169,6.0
76,,5627,198.0,,7595,6.0,,1172.0,,,5.0,,,,147.0,,,,,,,,30.0,330,,7.0,,,12.0,,,,1221,3.0,,47.0,793,5353,255,695,67,754,2010-05-31,189,972,65,93,295,,8772,34.0
77,,5357,199.0,,7295,6.0,,1119.0,,,6.0,,,,184.0,,,,,,,,28.0,360,,6.0,,,10.0,,,,1135,3.0,,50.0,776,5052,252,678,73,741,2010-06-30,162,976,56,90,302,,8420,38.0
78,,5562,207.0,,7531,7.0,,1136.0,,,3.0,,,,170.0,,,,,,,,31.0,373,,6.0,,,12.0,,,,1131,3.0,,52.0,798,5216,254,704,78,781,2010-07-31,160,958,63,89,326,,8670,41.0
79,,5448,215.0,,7367,7.0,,1130.0,,,4.0,,,,169.0,1.0,,,,,,,23.0,363,,7.0,,,8.0,,,,1108,3.0,,53.0,803,5154,254,690,67,777,2010-08-31,153,908,46,85,327,,8501,40.0
80,,5268,205.0,,7109,6.0,,1102.0,,,6.0,,,,162.0,,,,,,,,,344,,6.0,,,13.0,,,,1049,3.0,,39.0,792,4973,261,657,63,771,2010-09-30,173,842,45,80,313,,8217,39.0
81,,5435,209.0,,7363,18.0,,1105.0,,,5.0,,,,167.0,,,,,,,,,384,,6.0,,,8.0,,,,1056,3.0,,14.0,842,5095,272,695,70,814,2010-10-31,171,869,43,80,324,,8473,40.0
82,,5379,196.0,,7273,36.0,,1158.0,,,4.0,,,,163.0,,,,,,,,,358,,6.0,,,12.0,,,,1050,3.0,,49.0,822,5090,266,647,78,829,2010-11-30,212,843,46,77,308,,8435,39.0
83,,5669,211.0,,7715,79.0,,1264.0,4.0,,5.0,,,,167.0,,,,,,,,,366,,6.0,,,5.0,,,,1153,3.0,,62.0,880,5422,271,674,98,887,2010-12-31,223,929,47,76,320,,8988,41.0
84,,5688,214.0,,7722,111.0,,1112.0,24.0,,17.0,,,,91.0,,,,,,,,,366,,3.0,,,10.0,,,,1131,3.0,,3.0,864,5308,270,704,98,903,2011-01-31,205,883,68,68,327,,8875,41.0
85,,5167,179.0,,6958,116.0,,958.0,24.0,,22.0,,,,12.0,,,,,,,,,327,,3.0,,,5.0,,,,1015,3.0,,,770,4738,234,634,72,851,2011-02-28,224,759,52,60,305,,7962,33.0
86,,5849,169.0,,7784,127.0,,1147.0,18.0,,19.0,,,,12.0,,,,,,,,,361,,,,,5.0,,,,1143,3.0,,25.0,857,5367,264,684,94,1016,2011-03-31,251,828,48,72,309,,8968,35.0
87,,5664,155.0,,7707,128.0,,1299.0,6.0,,21.0,,,,12.0,,,,,,,,5.0,556,,,,,8.0,,,,1091,3.0,,186.0,827,5328,247,667,85,1022,2011-04-30,246,1004,47,66,288,,9033,33.0
88,,5777,171.0,,7931,145.0,,1273.0,3.0,,21.0,,,,12.0,,,,,,,,10.0,636,,,,,4.0,,,,1104,3.0,,88.0,872,5324,256,711,92,1064,2011-05-31,260,1067,38,67,315,,9228,34.0
89,,5490,164.0,,7647,159.0,,1188.0,2.0,,21.0,,,,12.0,,,,,,,,12.0,667,,4.0,,,8.0,,,,1074,3.0,,51.0,860,5080,241,687,78,996,2011-06-30,301,1036,38,62,306,,8858,33.0
90,,5682,168.0,,7925,171.0,,1293.0,,,20.0,,,,15.0,,,,,,,,12.0,740,,20.0,,,4.0,,,,1108,3.0,,54.0,896,5206,244,754,98,1030,2011-07-31,309,1143,40,62,308,,9238,44.0
91,,5688,181.0,,7906,183.0,,1369.0,1.0,,24.0,,,,18.0,,,,,,,,4.0,771,,7.0,,,8.0,,,,1077,3.0,,114.0,888,5181,259,768,113,1027,2011-08-31,317,1180,61,49,300,,9300,45.0
92,,5794,172.0,,7751,197.0,,1645.0,,,38.0,,,,21.0,,,,,,,,,717,,7.0,,,4.0,,71.0,,1046,3.0,,187.0,834,5400,254,722,166,1006,2011-09-30,349,1102,62,42,287,,9434,44.0
93,,6283,181.0,,8198,223.0,,1895.0,,,42.0,,,,45.0,,,,,,,,,725,,3.0,,,8.0,,73.0,,1101,4.0,,221.0,892,5959,302,729,180,1089,2011-10-31,338,1104,54,50,290,,10135,40.0
94,,5955,174.0,,8089,236.0,,1532.0,,,35.0,,,,47.0,,,,,,,,,691,,19.0,,,3.0,,51.0,,1096,3.0,,188.0,865,5458,338,743,193,1147,2011-11-30,297,1058,54,51,277,,9656,40.0
95,,6217,181.0,,8409,253.0,,1628.0,,,39.0,,,,94.0,,,,,,,,,704,,6.0,,,6.0,,54.0,,1126,3.0,,196.0,871,5581,375,766,224,1222,2011-12-31,337,1124,72,53,285,,10076,37.0
96,,6278,172.0,,8424,257.0,,1718.0,,,41.0,,2.0,,170.0,,,,,,,,,678,,6.0,,,3.0,,53.0,,1119,3.0,,197.0,850,5609,379,748,237,1210,2012-01-31,380,1191,73,48,270,,10183,38.0
97,,5872,159.0,,7859,252.0,,1577.0,,,41.0,,5.0,,65.0,,,,1.0,,,,,632,,21.0,,,3.0,,55.0,,1065,3.0,,189.0,795,5230,367,737,236,1148,2012-02-29,373,986,62,46,254,,9477,38.0
98,,6360,173.0,,8422,302.0,,1780.0,,,60.0,,19.0,,44.0,,,,3.0,,,,,582,,25.0,,,6.0,,61.0,,1150,3.0,,297.0,856,5832,383,813,272,1205,2012-03-31,392,942,65,42,276,,10262,40.0
99,,6163,163.0,,8131,306.0,,1715.0,,,41.0,,22.0,,40.0,,,,2.0,1.0,,,,557,,29.0,,,2.0,,55.0,,1094,3.0,,231.0,836,5600,361,816,252,1146,2012-04-30,366,938,67,44,257,,9887,40.0
100,,6379,162.0,,8346,322.0,,1807.0,,,48.0,,29.0,,41.0,,,,2.0,1.0,,,,568,,32.0,,,4.0,,62.0,,1128,3.0,,238.0,849,5834,371,878,262,1144,2012-05-31,374,939,59,44,257,,10201,39.0
101,,6137,142.0,,7938,345.0,,1913.0,,,53.0,,49.0,,12.0,,,,14.0,9.0,,,,551,,30.0,,,2.0,,110.0,,1070,3.0,,301.0,771,5668,348,880,278,1091,2012-06-30,348,905,55,39,255,,9904,37.0
102,,6423,142.0,,8315,459.0,,2019.0,,,68.0,,78.0,,14.0,,,,26.0,31.0,,,,618,,29.0,,,4.0,,83.0,,1089,3.0,,284.0,772,5813,364,1012,303,1127,2012-07-31,362,979,78,44,283,,10402,37.0
103,,6649,133.0,,8239,476.0,5.0,2262.0,,,51.0,,105.0,,12.0,,,3.0,28.0,36.0,,,,600,,15.0,,,1.0,,80.0,,1069,3.0,,267.0,759,5805,373,990,435,1146,2012-08-31,361,1009,79,36,280,,10552,38.0
104,,7138,117.0,,7990,498.0,10.0,2862.0,,,52.0,,86.0,,13.0,,,12.0,31.0,33.0,,,,577,,15.0,,,,,78.0,,1003,3.0,,252.0,730,5844,377,982,471,1501,2012-09-30,362,967,68,38,257,,10904,37.0
105,,7358,106.0,,8311,525.0,17.0,2979.0,4.0,,66.0,,104.0,,12.0,,,7.0,35.0,35.0,,,,588,,13.0,45.0,,,11.0,136.0,,1037,3.0,,279.0,748,6197,396,1094,377,1538,2012-10-31,362,972,87,41,255,,11360,41.0
106,,7012,94.0,,8145,569.0,15.0,2891.0,,,64.0,,141.0,,10.0,,,,37.0,31.0,,,,578,,15.0,97.0,,,13.0,216.0,,1001,3.0,,304.0,690,6036,403,1112,356,1563,2012-11-30,354,885,73,35,244,,11100,39.0
107,,7203,100.0,,8489,637.0,15.0,2910.0,59.0,,53.0,,160.0,,90.0,,,13.0,37.0,30.0,,,,579,,16.0,106.0,,,23.0,202.0,,1002,3.0,,350.0,675,6321,416,1238,410,1426,2012-12-31,367,923,84,35,252,,11511,39.0
108,,7522,95.0,,8345,676.0,8.0,3477.0,130.0,,68.0,,175.0,,137.0,,,12.0,40.0,25.0,,,,579,,15.0,139.0,,,43.0,281.0,,1007,4.0,14.0,320.0,666,6953,415,1278,487,1200,2013-01-31,410,877,88,31,245,,12020,36.0
109,,6938,83.0,,7445,625.0,,3472.0,93.0,,76.0,,171.0,,105.0,,,11.0,39.0,28.0,,,,568,,14.0,108.0,,,37.0,249.0,,973,6.0,13.0,299.0,602,6549,380,1145,424,1086,2013-02-28,359,777,73,31,231,,11086,31.0
110,,7692,87.0,,8018,646.0,,4007.0,90.0,,96.0,,182.0,,136.0,,,6.0,44.0,27.0,,,,619,,16.0,141.0,,,38.0,285.0,,1002,6.0,10.0,410.0,654,7274,414,1283,488,1179,2013-03-31,364,831,75,32,236,,12211,35.0
111,,6708,73.0,,7664,639.0,,3473.0,46.0,,84.0,,211.0,,176.0,,,6.0,41.0,29.0,,,,577,,12.0,240.0,,,30.0,357.0,,975,6.0,11.0,382.0,605,6411,404,1280,447,1147,2013-04-30,340,880,72,33,220,,11267,33.0
112,,6667,67.0,,7957,687.0,,3556.0,29.0,,70.0,,222.0,,71.0,,,7.0,55.0,38.0,,,,505,,,474.0,,,32.0,402.0,,1017,6.0,10.0,419.0,599,6436,422,1425,458,1171,2013-05-31,508,814,77,37,230,,11612,34.0
113,,6533,59.0,,7559,713.0,,3635.0,20.0,,75.0,,242.0,,104.0,,,4.0,62.0,48.0,,,,489,,,502.0,,,31.0,365.0,,948,6.0,15.0,374.0,612,6245,402,1485,452,1129,2013-06-30,358,830,89,32,233,,11289,34.0
114,,6687,59.0,,7675,728.0,,3677.0,18.0,,84.0,,269.0,,120.0,,,6.0,75.0,57.0,1.0,,,493,,11.0,350.0,,,30.0,356.0,,963,6.0,27.0,420.0,615,6416,434,1366,490,1149,2013-07-31,365,857,56,33,253,,11454,35.0
115,,6877,52.0,,7658,765.0,,4067.0,17.0,,84.0,,294.0,,94.0,,,6.0,75.0,56.0,,,,499,,,298.0,,,26.0,370.0,,958,11.0,9.0,648.0,613,6825,409,1343,548,1153,2013-08-31,377,802,59,31,246,,11826,33.0
116,,7536,43.0,,7351,779.0,,4888.0,8.0,,85.0,,298.0,,117.0,,,6.0,74.0,49.0,,,,483,,,269.0,,,20.0,478.0,,890,9.0,16.0,509.0,594,7443,393,1261,526,1138,2013-09-30,360,861,62,32,224,,12332,32.0
117,,7432,43.0,,7630,810.0,,5046.0,6.0,,80.0,,322.0,,157.0,,,7.0,78.0,57.0,,,,492,,,573.0,,,21.0,526.0,,900,9.0,,534.0,587,7480,459,1476,443,1192,2013-10-31,456,896,56,32,238,,12762,34.0
118,,6411,37.0,,7246,798.0,7.0,4020.0,33.0,,89.0,,322.0,,111.0,,,6.0,69.0,58.0,,,,465,,,410.0,,,20.0,471.0,,837,9.0,,652.0,559,6625,474,1356,411,1136,2013-11-30,337,715,57,30,214,,11388,33.0
119,,6591,35.0,,7483,838.0,15.0,4284.0,59.0,,84.0,,345.0,,145.0,,,6.0,103.0,53.0,,,,498,,,343.0,,,18.0,578.0,,846,9.0,,700.0,580,6899,472,1409,438,1229,2013-12-31,354,739,70,28,238,,11910,34.0
120,,6591,37.0,,7396,825.0,14.0,4319.0,253.0,,87.0,,351.0,,335.0,,,11.0,109.0,53.0,,,,497,,,367.0,,,10.0,567.0,,828,9.0,,643.0,576,6764,470,1608,485,1268,2014-01-31,346,726,80,36,238,,12055,34.0
121,,6051,28.0,,6553,797.0,14.0,4338.0,212.0,,81.0,,292.0,,283.0,,,13.0,99.0,52.0,,,,493,,,333.0,,,10.0,536.0,,716,9.0,,718.0,532,6133,416,1490,455,1392,2014-02-28,328,647,54,28,210,,11184,31.0
122,,6635,26.0,,7156,895.0,9.0,5127.0,108.0,,94.0,,373.0,,192.0,,,19.0,120.0,60.0,,,,620,,,400.0,,,10.0,621.0,,775,9.0,,902.0,582,6929,463,1533,592,1493,2014-03-31,361,760,52,33,235,,12485,34.0
123,,6454,25.0,,6957,889.0,3.0,5219.0,30.0,,100.0,,451.0,,99.0,,,11.0,111.0,69.0,,,,1010,,,365.0,,,10.0,518.0,,743,9.0,,766.0,543,6582,448,1369,1000,1490,2014-04-30,384,674,67,29,230,,12306,33.0
124,,7168,31.0,,7143,942.0,9.0,5970.0,27.0,,102.0,,507.0,,98.0,,,14.0,115.0,75.0,,,,1046,,,312.0,,,11.0,589.0,,743,9.0,,772.0,533,7403,478,1412,1027,1510,2014-05-31,350,709,53,29,237,,13242,34.0
125,,6685,29.0,,6879,959.0,29.0,5636.0,24.0,,85.0,,489.0,,67.0,,,8.0,106.0,73.0,,,,1027,,,314.0,,,10.0,538.0,,708,11.0,21.0,787.0,508,6925,469,1507,1004,1401,2014-06-30,335,647,58,26,219,,12624,33.0
126,,6545,29.0,,7110,997.0,27.0,5580.0,18.0,,87.0,,546.0,,47.0,,,9.0,104.0,64.0,,,,1069,,,367.0,,,10.0,662.0,,714,283.0,23.0,797.0,250,6948,486,1635,1020,1404,2014-07-31,338,655,41,26,209,,12795,33.0
127,,6662,27.0,,7082,990.0,27.0,5624.0,10.0,,84.0,,594.0,,24.0,,,6.0,102.0,65.0,,,,1096,,,313.0,,7.0,2.0,605.0,,694,441.0,18.0,798.0,70,7105,491,1548,1085,1255,2014-08-31,379,640,56,18,189,,12800,34.0
128,,6376,24.0,,6857,973.0,18.0,5426.0,9.0,,85.0,,618.0,,27.0,,,8.0,99.0,67.0,,,,1081,,,303.0,,9.0,,612.0,,663,438.0,17.0,737.0,63,6960,474,1498,1079,1085,2014-09-30,371,623,60,21,173,,12377,33.0
129,,6241,20.0,,6966,1013.0,18.0,5461.0,9.0,,91.0,,669.0,,31.0,,,5.0,126.0,66.0,,,,1052,,,387.0,,9.0,,613.0,,660,457.0,21.0,835.0,73,7006,566,1571,1039,1048,2014-10-31,356,628,77,24,178,,12527,34.0
130,,6109,21.0,,6832,1029.0,18.0,5277.0,21.0,,96.0,,682.0,,49.0,,,6.0,115.0,64.0,,,,834,,,380.0,,10.0,,648.0,,617,410.0,14.0,921.0,69,6973,563,1583,799,1010,2014-11-30,332,672,78,24,159,,12226,33.0
131,,6612,19.0,,7346,1159.0,16.0,5487.0,133.0,,91.0,,719.0,,160.0,,,7.0,121.0,68.0,,,,846,,,384.0,,8.0,,652.0,,601,424.0,10.0,932.0,73,7291,541,1896,850,1063,2014-12-31,372,723,107,23,158,,13057,33.0
132,,6557,13.0,,7371,1209.0,15.0,5622.0,315.0,,98.0,,711.0,,344.0,,,7.0,118.0,66.0,,,,827,,,448.0,,10.0,,643.0,,607,410.0,10.0,1029.0,82,7362,545,2184,836,1059,2015-01-31,377,732,109,22,146,,13406,34.0
133,,6319,4.0,,6650,1125.0,14.0,5688.0,156.0,,77.0,,664.0,,181.0,,,5.0,108.0,56.0,,,,738,,,465.0,,8.0,,647.0,,546,360.0,9.0,976.0,73,6878,512,1914,764,990,2015-02-28,575,686,71,23,127,,12571,31.0
134,,6633,7.0,,7346,1302.0,16.0,5944.0,76.0,,82.0,,767.0,,100.0,,,7.0,115.0,62.0,,,,775,,,510.0,,9.0,,693.0,,583,395.0,10.0,1078.0,77,7411,568,2052,841,1067,2015-03-31,441,790,86,19,139,,13448,34.0
135,,6414,1.0,,7120,1314.0,6.0,5987.0,34.0,,73.0,,847.0,,56.0,,,5.0,162.0,15.0,,,,745,,,559.0,,8.0,,710.0,,558,370.0,9.0,1032.0,76,7248,550,2053,807,1030,2015-04-30,397,852,86,21,141,,13214,29.0
136,,6639,,,7383,1461.0,6.0,6634.0,28.0,,81.0,,1005.0,,50.0,,,3.0,219.0,,,,,639,,,735.0,,10.0,,740.0,,574,375.0,12.0,1287.0,66,7773,554,2400,711,1055,2015-05-31,408,945,76,22,154,,14126,28.0
137,,6275,,,7060,1427.0,17.0,5849.0,18.0,,83.0,,841.0,,39.0,,,4.0,240.0,,,,,497,,,596.0,,9.0,,686.0,,529,352.0,13.0,1113.0,71,7237,565,2208,551,992,2015-06-30,391,780,76,20,161,,13010,29.0
138,,6638,,,7302,1482.0,27.0,7016.0,10.0,,85.0,,1689.0,,31.0,,,2.0,298.0,,,,,530,,,552.0,,9.0,,691.0,,559,350.0,16.0,1164.0,73,7640,598,2233,584,1326,2015-07-31,405,1312,59,22,208,,14413,26.0
139,,6649,,,7122,1474.0,31.0,6856.0,10.0,,82.0,,1486.0,,34.0,,,4.0,270.0,,,,,511,,,492.0,,9.0,,685.0,,549,298.0,23.0,1174.0,88,7624,584,2145,579,1146,2015-08-31,440,1247,59,19,204,,14070,23.0
140,,6254,,,6845,1454.0,30.0,6429.0,9.0,13.0,91.0,,1036.0,,30.0,,,2.0,310.0,,,,,479,,,456.0,,9.0,,848.0,,522,300.0,53.0,1238.0,52,7416,539,2135,592,1111,2015-09-30,484,785,64,19,208,,13374,21.0
141,,6668,,,7064,1497.0,31.0,6904.0,8.0,14.0,117.0,,1055.0,,28.0,,,4.0,318.0,,,,,490,,,571.0,,9.0,,838.0,,528,337.0,,1346.0,66,7933,550,2329,636,1140,2015-10-31,404,798,59,20,206,,14093,18.0
142,,6825,,,6861,1482.0,27.0,7337.0,9.0,7.0,112.0,,1098.0,,28.0,,,2.0,307.0,,,,,472,,,774.0,,9.0,,806.0,,500,328.0,,1317.0,68,8060,671,2381,623,1035,2015-11-30,394,876,55,20,192,,14319,12.0
143,,6781,,,7071,1555.0,27.0,7270.0,116.0,7.0,121.0,,1204.0,,136.0,,,4.0,335.0,,,,,479,,,763.0,,9.0,,866.0,,495,320.0,,1290.0,67,7959,665,2640,622,1085,2015-12-31,398,914,56,21,206,,14578,12.0
144,,6736,,1.0,6959,1533.0,27.0,7241.0,164.0,8.0,115.0,,1224.0,,180.0,,,3.0,342.0,,,,,466,,,622.0,,9.0,,825.0,,494,312.0,28.0,1304.0,64,7866,594,2606,595,1318,2016-01-31,422,804,53,22,191,,14479,8.0
145,,6262,,6.0,6455,1452.0,27.0,6842.0,67.0,6.0,95.0,,1155.0,,79.0,,,8.0,337.0,,,,,415,,,483.0,,9.0,,795.0,,453,292.0,117.0,1221.0,65,7501,500,2316,525,1171,2016-02-29,424,780,59,18,159,,13459,6.0
146,,6930,,7.0,6817,1534.0,22.0,7688.0,26.0,6.0,104.0,,1224.0,,38.0,,,11.0,351.0,,,,,426,,,706.0,,9.0,,902.0,56.0,463,165.0,32.0,1251.0,189,7998,687,2427,536,1233,2016-03-31,647,857,56,21,169,,14635,4.0
147,,6538,,6.0,6524,1523.0,12.0,7295.0,25.0,6.0,77.0,,1104.0,,38.0,,,10.0,351.0,,,,,397,,,736.0,,9.0,,832.0,48.0,422,,17.0,1237.0,341,7748,653,2431,489,1183,2016-04-30,446,733,51,17,168,,13921,2.0
148,,6832,,6.0,6671,1581.0,12.0,7876.0,23.0,4.0,80.0,,1183.0,1.0,28.0,,,9.0,353.0,,,,,401,,,516.0,,11.0,,1225.0,48.0,415,,17.0,1351.0,355,8508,539,2413,490,1267,2016-05-31,462,713,48,22,188,,14650,
149,,6465,,6.0,6271,1548.0,15.0,7803.0,3.0,9.0,75.0,,1176.0,7.0,6.0,,,4.0,342.0,,,,,381,,,412.0,30.0,4.0,,1379.0,48.0,384,,51.0,1279.0,319,8343,511,2266,453,1201,2016-06-30,431,694,36,18,199,,14152,
150,,6786,,7.0,6313,1562.0,16.0,8474.0,,9.0,73.0,,1296.0,96.0,4.0,,,5.0,376.0,,,,,405,,,380.0,124.0,,,1325.0,48.0,394,,105.0,1305.0,319,8575,734,2358,456,1289,2016-07-31,438,746,19,17,228,,14860,
151,,6570,,13.0,6222,1583.0,16.0,8100.0,,9.0,91.0,,1187.0,77.0,3.0,,,4.0,368.0,,,,,388,,,335.0,155.0,,,1272.0,51.0,387,,79.0,1290.0,316,8282,671,2339,460,1226,2016-08-31,437,730,21,15,232,,14413,
152,,6553,,12.0,5896,1533.0,15.0,7758.0,,40.0,88.0,,1135.0,55.0,2.0,,,5.0,328.0,,,,,373,,,374.0,155.0,8.0,,1039.0,42.0,350,,27.0,1228.0,283,7823,613,2285,481,1185,2016-09-30,400,703,16,15,221,,13742,
153,,6768,,13.0,6074,1622.0,12.0,7998.0,,71.0,92.0,,1195.0,58.0,2.0,,,4.0,336.0,,,,,381,,,468.0,109.0,9.0,,828.0,48.0,345,,99.0,1360.0,279,7915,630,2356,568,1194,2016-10-31,456,774,20,18,233,,14164,
154,,6389,,19.0,5763,1563.0,14.0,7704.0,,65.0,111.0,,1205.0,66.0,2.0,,,5.0,324.0,,,,,361,,,478.0,86.0,9.0,,789.0,44.0,305,,73.0,1365.0,270,7608,579,2257,506,1171,2016-11-30,440,768,16,18,215,,13578,
155,,6691,,18.0,5946,1648.0,20.0,8218.0,,68.0,84.0,,1327.0,69.0,2.0,,,2.0,315.0,,,,,352,,,536.0,77.0,10.0,,891.0,46.0,306,,64.0,1406.0,252,7922,592,2378,492,1238,2016-12-31,449,836,113,19,209,,14248,
156,,6590,,20.0,5848,1687.0,22.0,8206.0,,57.0,68.0,,1358.0,85.0,2.0,,,3.0,333.0,,,,,349,,,496.0,72.0,9.0,,885.0,45.0,288,,59.0,1382.0,243,7785,591,2405,468,1250,2017-01-31,452,779,169,19,204,,14122,
157,,5777,,15.0,5129,1600.0,20.0,7511.0,,51.0,47.0,,1268.0,88.0,2.0,,,4.0,335.0,,,,,295,,,446.0,53.0,8.0,,789.0,40.0,224,,55.0,1302.0,211,6980,542,2212,388,1093,2017-02-28,413,683,165,13,198,,12687,
158,,6284,,18.0,5657,1803.0,21.0,8174.0,,59.0,63.0,,1493.0,89.0,2.0,,,6.0,357.0,,,,,324,,,371.0,51.0,10.0,,882.0,48.0,246,,96.0,1412.0,211,7655,635,2279,432,1207,2017-03-31,434,835,188,15,214,,13894,
159,,5905,,19.0,5376,1985.0,18.0,8034.0,,51.0,59.0,,1343.0,139.0,2.0,,,1.0,350.0,,,,,336,,,394.0,44.0,9.0,,880.0,44.0,207,,74.0,1354.0,205,7232,786,2339,408,1195,2017-04-30,441,678,168,16,206,,13469,
160,2.0,5947,,20.0,5466,1970.0,19.0,8020.0,,50.0,48.0,,1358.0,179.0,2.0,,,1.0,353.0,,,,,323,,,389.0,25.0,9.0,,946.0,53.0,191,,60.0,1350.0,188,7245,745,2316,407,1257,2017-05-31,431,725,179,16,213,,13534,
161,35.0,5552,,18.0,5461,2477.0,18.0,7932.0,,43.0,48.0,,1306.0,173.0,2.0,,,1.0,348.0,,,,,303,,,443.0,,9.0,,942.0,53.0,172,,45.0,1261.0,160,6824,694,2237,371,1217,2017-06-30,967,718,184,13,216,,13441,
162,14.0,5620,,17.0,5176,1941.0,19.0,7835.0,,41.0,49.0,,1351.0,123.0,,,,4.0,391.0,,,,,294,,,408.0,66.0,9.0,,954.0,57.0,171,,49.0,1316.0,148,6916,714,2165,354,1188,2017-07-31,521,762,178,14,248,,13060,
163,14.0,5696,,18.0,5071,2036.0,29.0,8303.0,,28.0,58.0,,1401.0,141.0,,,,1.0,417.0,,,,,302,,,392.0,181.0,9.0,,948.0,57.0,154,,82.0,1321.0,149,6972,896,2300,340,1180,2017-08-31,469,783,198,15,279,,13432,
164,46.0,5463,,16.0,4831,2034.0,27.0,8343.0,,11.0,65.0,7.0,1526.0,136.0,,,,1.0,411.0,,,,,296,,,363.0,186.0,9.0,,931.0,51.0,143,,54.0,1350.0,137,6963,899,2241,306,1111,2017-09-30,449,757,219,15,279,,13239,
165,70.0,5892,,19.0,4840,2002.0,23.0,9082.0,,3.0,80.0,31.0,1536.0,159.0,,,,1.0,434.0,,,,,301,,,565.0,127.0,9.0,,983.0,42.0,139,,84.0,1422.0,131,7519,835,2416,326,1139,2017-10-31,491,768,194,12,302,,14002,
166,54.0,5744,,18.0,4649,1856.0,21.0,8784.0,,29.0,81.0,26.0,1485.0,155.0,4.0,,,1.0,413.0,,,,,293,,,540.0,12.0,9.0,,1004.0,42.0,126,,67.0,1477.0,120,7415,780,2069,337,1078,2017-11-30,518,732,270,22,293,,13514,
167,39.0,5955,,24.0,4760,1931.0,19.0,8992.0,,47.0,75.0,26.0,1518.0,178.0,4.0,,,1.0,404.0,,,,,292,,,491.0,29.0,9.0,,976.0,44.0,125,,70.0,1518.0,117,7557,798,2059,373,1147,2017-12-31,524,761,280,25,303,,13827,
